Measure,govtfund_1,p_govtfund_1,govtfund_2,p_govtfund_2,intent_composite,p_intent_composite,X1_intent,p_X1_intent,X2_intent,p_X2_intent,X3_intent,p_X3_intent,X4_intent,p_X4_intent
Self-relevance composite (9-item core),0.53,2.1512300715340954e-22,0.25,1.358389369329923e-5,0.53,4.190249214262633e-23,0.43,2.9522479600524243e-15,0.51,2.3900211767599067e-21,0.4,3.406916877931534e-13,0.53,2.7740384005686605e-23
Facet: Personal / close-other benefit,0.48,1.0802492567313513e-18,0.24,3.413014557325133e-5,0.47,1.3496059570029917e-17,0.38,6.117038646303235e-12,0.46,9.66142634243746e-17,0.35,5.421725809655465e-10,0.46,3.39992422180284e-17
Facet: Tangible / everyday relevance,0.5,2.917186470802229e-20,0.29,4.3690243535259747e-7,0.28,1.1551606067591884e-6,0.23,8.245403270763823e-5,0.31,3.041896430845522e-8,0.21,2.2443763452138153e-4,0.26,7.3991482381104394e-06
Facet: Personal applicability / salience,0.18,0.0023046864748567063,0.06,0.3241973297332432,0.46,3.8026373121781366e-17,0.37,2.4705326353901468e-11,0.38,1.3179990056257176e-11,0.38,1.0666439093687964e-11,0.5,1.8385971789839924e-20
